姓名,性别,年龄,城市,邮箱,电话,职位,公司
廖婷婷,男,21,澳门县,eliu@example.com,13238242194,娱乐服务员,雨林木风计算机科技有限公司
倪玉英,女,54,帅县,nlu@example.net,14787784080,通信电源工程师,趋势科技有限公司
段颖,男,29,兴城市,xiulanjiang@example.org,15328711587,激光/光电子技术,精芯信息有限公司
高文,女,31,玉市,klu@example.org,15223209471,电信交换工程师,时空盒数字科技有限公司
倪秀荣,男,19,静市,rxue@example.com,18851591795,船长/副船长,明腾科技有限公司
李建平,女,27,兵县,gdai@example.org,18130989101,房地产项目/策划主管/专员,诺依曼软件科技有限公司
李林,男,27,天津市,yanfeng@example.com,14700869141,信贷管理,通际名联信息有限公司
周飞,女,47,刚市,qhu@example.com,18979230225,公关/媒介助理,菊风公司传媒有限公司
王桂荣,女,51,兰英县,jie80@example.com,18615084237,其他,立信电子网络有限公司
吴丽娟,男,28,北京市,jing33@example.net,18769606960,售前/售后技术支持主管,凌云信息有限公司
徐桂芝,女,43,哈尔滨县,li70@example.com,14781206650,个人业务部门经理/主管,超艺科技有限公司
李岩,男,56,萍市,tangna@example.net,13604714285,电池/电源开发,快讯科技有限公司
王秀兰,男,58,云市,dyuan@example.net,18258236940,销售代表,毕博诚信息有限公司
夏俊,男,50,明市,jing29@example.com,15868241730,光伏系统工程师,群英科技有限公司
赵玉英,男,48,丽娟市,xietao@example.com,15751717604,新能源电池工程师,飞海科技传媒有限公司
王凯,男,54,广州市,gcai@example.com,13184779361,漆工,天开网络有限公司
张林,女,61,重庆县,guiyingwan@example.com,15130392137,面料辅料开发,襄樊地球村网络有限公司
区桂芝,女,37,马鞍山县,uzheng@example.com,18838930555,电子商务总监,良诺网络有限公司
谢桂香,女,53,兰州市,jiangjie@example.org,15207522758,质量管理/验货员(QA/QC),鸿睿思博科技有限公司
姜文,男,49,丽娟县,lyao@example.org,18100248945,项目执行/协调人员,天开信息有限公司
吴海燕,女,36,南京市,lima@example.org,13576279125,贸易,东方峻景传媒有限公司
孙帅,女,20,建国市,yangxiuying@example.org,15551853671,法语翻译,东方峻景传媒有限公司
蔡英,男,30,六安县,wenjuan@example.org,15367537510,环保,信诚致远信息有限公司
欧阳红霞,男,37,西宁县,guiying26@example.net,18211611620,清洁服务人员,联软传媒有限公司
胡晶,女,43,浩县,fengming@example.net,13455203519,大学/大专应届毕业生,易动力科技有限公司
潘佳,女,45,辛集县,yaojun@example.org,13971754203,电力线路工,佳禾信息有限公司
盛晶,男,42,兰州市,jing62@example.org,15335833245,其他,惠派国际公司科技有限公司
李斌,男,57,宁德县,lgong@example.com,15251375806,买手,万迅电脑信息有限公司
张英,男,18,俊市,liangguiying@example.net,14527626623,印刷机械机长,数字100网络有限公司
孙健,男,57,文县,zhuqiang@example.net,18703414892,物流专员/助理,兰金电子传媒有限公司
